﻿<?xml version="1.0" encoding="utf-8"?>
<MetaView>
	<Commands>
		<add>
      <Command id="cmdShowDialogSiteImportConfirm">
        <CommandType>OpenFrameModalPopup</CommandType>
        <Url>~/Apps/Core/Controls/DialogPage.aspx?_a=Content&amp;_v=SiteImportConfirm&amp;SiteID=[ClientParam:SiteId]</Url>
        <Width>400</Width>
        <Height>140</Height>
        <PopupTitle>Site Import</PopupTitle>
        <Drag>True</Drag>
        <EnableHandler type="Mediachase.Commerce.Manager.CommandHandlers.PermissionEnableHandler, Mediachase.ConsoleManager" />
        <DependCommand>cmdDoImport</DependCommand>
      </Command>
    </add>
	</Commands>
</MetaView>