﻿<?xml version="1.0" encoding="utf-8"?>
<MetaView>
  <Toolbar>
    <add>
      <Button id="NewMenu" text="{SharedStrings:New_Top_Menu}" imageUrl="~/apps/content/images/newmenu.png" commandName="cmdContentNewMenu" permissions="content:site:menu:mng:create"/>
      <Splitter id="ActionsSplitter"/>
      <Menu id="MoreActionsSplitButton" text="{SharedStrings:More_Actions}" imageUrl="~/Apps/Shell/styles/Images/toolbar/newtask.gif" permissions="content:site:menu:mng:delete">
        <Button id="DeleteSelected" text="{SharedStrings:Delete}" imageUrl="~/Apps/Shell/styles/Images/toolbar/delete.gif" commandName="cmdContentMenuDelete"/>
      </Menu>
    </add>
  </Toolbar>

  <Commands>
    <add>
      <Command id="cmdContentNewMenu">
        <CommandType>ClientAction</CommandType>
        <ClientScript>CSContentClient.CreateMenu()</ClientScript>
        <EnableHandler type="Mediachase.Commerce.Manager.CommandHandlers.PermissionEnableHandler, Mediachase.ConsoleManager" />
      </Command>

      <Command id="cmdContentMenuDelete">
        <EnableHandler type="Mediachase.Commerce.Manager.CommandHandlers.CommonEnableHandler, Mediachase.ConsoleManager" />
        <BeforeClientScript>Toolbar_GridHasItemsSelected</BeforeClientScript>
        <ConfirmationText>{CommerceManager:DeleteSelectedItemsConfirmation}</ConfirmationText>
        <CommandType>ServerAction</CommandType>
        <Handler type="Mediachase.Commerce.Manager.Content.CommandHandlers.MenuDeleteHandler, Mediachase.ConsoleManager" />
        <UpdatePanelIds>panelMainListView</UpdatePanelIds>
        <EnableHandler type="Mediachase.Commerce.Manager.CommandHandlers.PermissionEnableHandler, Mediachase.ConsoleManager" />
      </Command>
    </add>
  </Commands>
</MetaView>